"Data Source","World Development Indicators",

"Last Updated Date","2016-06-14",

"Country Name","Country Code","Indicator Name","Indicator Code","1960","1961","1962","1963","1964","1965","1966","1967","1968","1969","1970","1971","1972","1973","1974","1975","1976","1977","1978","1979","1980","1981","1982","1983","1984","1985","1986","1987","1988","1989","1990","1991","1992","1993","1994","1995","1996","1997","1998","1999","2000","2001","2002","2003","2004","2005","2006","2007","2008","2009","2010","2011","2012","2013","2014","2015",
"Aruba","ABW","Poverty gap at $1.90 a day (2011 PPP) (%)","SI.POV.GAPS","","","","","","","","","","","","","","","","","","","","","","","","","","","","","","","","","","","","","","","","","","","","","","","","","","","","","","","","",
"Andorra","AND","Poverty gap at $1.90 a day (2011 PPP) (%)","SI.POV.GAPS","","","","","","","","","","","","","","","","","","","","","","","","","","","","","","","","","","","","","","","","","","","","","","","","","","","","","","","","",
"Afghanistan","AFG","Poverty gap at $1.90 a day (2011 PPP) (%)","SI.POV.GAPS","","","","","","","","","","","","","","","","","","","","","","","","","","","","","","","","","","","","","","","","","","","","","","","","","","","","","","","","",
"Angola","AGO","Poverty gap at $1.90 a day (2011 PPP) (%)","SI.POV.GAPS","","","","","","","","","","","","","","","","","","","","","","","","","","","","","","","","","","","","","","","","","14.65","","","","","","","","9.64","","","","","","","",
"Albania","ALB","Poverty gap at $1.90 a day (2011 PPP) (%)","SI.POV.GAPS","","","","","","","","","","","","","","","","","","","","","","","","","","","","","","","","","","","","","0.19","","","","","","0.37","","","0.18","","","0.07","","","","0.22","","","",
"Arab World","ARB","Poverty gap at $1.90 a day (2011 PPP) (%)","SI.POV.GAPS","","","","","","","","","","","","","","","","","","","","","","","","","","","","","","","","","","","","","","","","","","","","","","","","","","","","","","","","",
"United Arab Emirates","ARE","Poverty gap at $1.90 a day (2011 PPP) (%)","SI.POV.GAPS","","","","","","","","","","","","","","","","","","","","","","","","","","","","","","","","","","","","","","","","","","","","","","","","","","","","","","","","",
"Argentina","ARG","Poverty gap at $1.90 a day (2011 PPP) (%)","SI.POV.GAPS","","","","","","","","","","","","","","","","","","","","","","","","","","","0","0","","","","0.67","1.18","1.25","1.45","2.36","2.88","2.35","2.28","2.55","2.93","4.9","5.59","4.85","3.16","2.27","1.91","1.77","1.43","1.49","0.97","0.83","0.77","0.95","","",
"Armenia","ARM","Poverty gap at $1.90 a day (2011 PPP) (%)","SI.POV.GAPS","","","","","","","","","","","","","","","","","","","","","","","","","","","","","","","","","","","","","4.82","","","4.07","","4.45","3.23","2.03","1.81","0.91","0.57","0.67","0.32","0.27","0.41","0.42","0.33","0.56","","",
"American Samoa","ASM","Poverty gap at $1.90 a day (2011 PPP) (%)","SI.POV.GAPS","","","","","","","","","","","","","","","","","","","","","","","","","","","","","","","","","","","","","","","","","","","","","","","","","","","","","","","","",
"Antigua and Barbuda","ATG","Poverty gap at $1.90 a day (2011 PPP) (%)","SI.POV.GAPS","","","","","","","","","","","","","","","","","","","","","","","","","","","","","","","","","","","","","","","","","","","","","","","","","","","","","","","","",
"Australia","AUS","Poverty gap at $1.90 a day (2011 PPP) (%)","SI.POV.GAPS","","","","","","","","","","","","","","","","","","","","","","","","","","","","","","","","","","","","","","","","","","","","","","","","","","","","","","","","",
"Austria","AUT","Poverty gap at $1.90 a day (2011 PPP) (%)","SI.POV.GAPS","","","","","","","","","","","","","","","","","","","","","","","","","","","","","","","","","","","","","","","","","","","","","","","","","","","","","","","","",
"Azerbaijan","AZE","Poverty gap at $1.90 a day (2011 PPP) (%)","SI.POV.GAPS","","","","","","","","","","","","","","","","","","","","","","","","","","","","","","","","","","","","2.18","","","","","","0.47","0","0","0","0","","","","","","","","","","",
"Burundi","BDI","Poverty gap at $1.90 a day (2011 PPP) (%)","SI.POV.GAPS","","","","","","","","","","","","","","","","","","","","","","","","","","","","","","","","","36.79","","","","","","44.82","","","","","","","","32.88","","","","","","","","","",
"Belgium","BEL","Poverty gap at $1.90 a day (2011 PPP) (%)","SI.POV.GAPS","","","","","","","","","","","","","","","","","","","","","","","","","","","","","","","","","","","","","","","","","","","","","","","","","","","","","","","","",
"Benin","BEN","Poverty gap at $1.90 a day (2011 PPP) (%)","SI.POV.GAPS","","","","","","","","","","","","","","","","","","","","","","","","","","","","","","","","","","","","","","","","","","","","16.25","","","","","","","","18.98","","","","",
"Burkina Faso","BFA","Poverty gap at $1.90 a day (2011 PPP) (%)","SI.POV.GAPS","","","","","","","","","","","","","","","","","","","","","","","","","","","","","","","","","","","48.44","","","","42.99","","","","","23.71","","","","","","19.94","","","","","","",
"Bangladesh","BGD","Poverty gap at $1.90 a day (2011 PPP) (%)","SI.POV.GAPS","","","","","","","","","","","","","","","","","","","","","","","","22.37","","19.16","","","24.57","","","24.69","","","","19.79","","","","","18.81","","","","","14.23","","","","","11.15","","","","","",
"Bulgaria","BGR","Poverty gap at $1.90 a day (2011 PPP) (%)","SI.POV.GAPS","","","","","","","","","","","","","","","","","","","","","","","","","","","","","","0.05","","","0","","0.23","0.35","","0.13","","","","0.42","","0.15","","","2.63","0.12","0.37","0.28","0.62","0.93","0.77","","","",
"Bahrain","BHR","Poverty gap at $1.90 a day (2011 PPP) (%)","SI.POV.GAPS","","","","","","","","","","","","","","","","","","","","","","","","","","","","","","","","","","","","","","","","","","","","","","","","","","","","","","","","",
"Bahamas, The","BHS","Poverty gap at $1.90 a day (2011 PPP) (%)","SI.POV.GAPS","","","","","","","","","","","","","","","","","","","","","","","","","","","","","","","","","","","","","","","","","","","","","","","","","","","","","","","","",
"Bosnia and Herzegovina","BIH","Poverty gap at $1.90 a day (2011 PPP) (%)","SI.POV.GAPS","","","","","","","","","","","","","","","","","","","","","","","","","","","","","","","","","","","","","","","","","","0.09","","","0.05","","","0.02","","","","","","","","",
"Belarus","BLR","Poverty gap at $1.90 a day (2011 PPP) (%)","SI.POV.GAPS","","","","","","","","","","","","","","","","","","","","","","","","","","","","","0.08","","","","","0.02","","0.35","","","0.8","0.65","0.41","0.23","0.46","0.38","0.07","0.07","0.04","0","0","0.01","0","0","0","","","",
"Belize","BLZ","Poverty gap at $1.90 a day (2011 PPP) (%)","SI.POV.GAPS","","","","","","","","","","","","","","","","","","","","","","","","","","","","","","","","","","5.06","4.59","4.76","5.64","7.81","5.9","6.16","","","","","","","","","","","","","","","","",
"Bermuda","BMU","Poverty gap at $1.90 a day (2011 PPP) (%)","SI.POV.GAPS","","","","","","","","","","","","","","","","","","","","","","","","","","","","","","","","","","","","","","","","","","","","","","","","","","","","","","","","",
"Bolivia","BOL","Poverty gap at $1.90 a day (2011 PPP) (%)","SI.POV.GAPS","","","","","","","","","","","","","","","","","","","","","","","","","","","","","","","1.35","","","5.8","","","","10.02","","15.34","19.06","13.35","14.15","","6.02","10.98","9.23","7.03","6.01","6.3","","3.65","4.85","3.8","","",
"Brazil","BRA","Poverty gap at $1.90 a day (2011 PPP) (%)","SI.POV.GAPS","","","","","","","","","","","","","","","","","","","","","","9.75","9.37","12.56","11.87","7.4","3.81","7.36","9.49","8.59","8.24","","9.09","8.56","","5.33","6.14","5.98","5.21","5.39","","5.79","4.83","5.32","4.47","3.88","3.32","3.59","2.92","2.9","","2.93","2.48","2.77","","",
"Barbados","BRB","Poverty gap at $1.90 a day (2011 PPP) (%)","SI.POV.GAPS","","","","","","","","","","","","","","","","","","","","","","","","","","","","","","","","","","","","","","","","","","","","","","","","","","","","","","","","",
"Brunei Darussalam","BRN","Poverty gap at $1.90 a day (2011 PPP) (%)","SI.POV.GAPS","","","","","","","","","","","","","","","","","","","","","","","","","","","","","","","","","","","","","","","","","","","","","","","","","","","","","","","","",
"Bhutan","BTN","Poverty gap at $1.90 a day (2011 PPP) (%)","SI.POV.GAPS","","","","","","","","","","","","","","","","","","","","","","","","","","","","","","","","","","","","","","","","","","","","18.86","","","","1.57","","","","","0.42","","","",
"Botswana","BWA","Poverty gap at $1.90 a day (2011 PPP) (%)","SI.POV.GAPS","","","","","","","","","","","","","","","","","","","","","","","","","","17.87","","","","","","","","13.49","","","","","","","","","11.41","","","","","","","5.78","","","","","","",
"Central African Republic","CAF","Poverty gap at $1.90 a day (2011 PPP) (%)","SI.POV.GAPS","","","","","","","","","","","","","","","","","","","","","","","","","","","","","","","","","58.85","","","","","","","","","","","30.31","","","","","33.08","","","","","","","",
"Canada","CAN","Poverty gap at $1.90 a day (2011 PPP) (%)","SI.POV.GAPS","","","","","","","","","","","","","","","","","","","","","","","","","","","","","","","","","","","","","","","","","","","","","","","","","","","","","","","","",
"Central Europe and the Baltics","CEB","Poverty gap at $1.90 a day (2011 PPP) (%)","SI.POV.GAPS","","","","","","","","","","","","","","","","","","","","","","","","","","","","","","","","","","","","","","","","","","","","","","","","","","","","","","","","",
"Switzerland","CHE","Poverty gap at $1.90 a day (2011 PPP) (%)","SI.POV.GAPS","","","","","","","","","","","","","","","","","","","","","","","","","","","","","","","","","","","","","","","","","","","","","","","","","","","","","","","","",
"Channel Islands","CHI","Poverty gap at $1.90 a day (2011 PPP) (%)","SI.POV.GAPS","","","","","","","","","","","","","","","","","","","","","","","","","","","","","","","","","","","","","","","","","","","","","","","","","","","","","","","","",
"Chile","CHL","Poverty gap at $1.90 a day (2011 PPP) (%)","SI.POV.GAPS","","","","","","","","","","","","","","","","","","","","","","","","","","","","3.08","","","2.71","","1.48","","1.83","","1.22","","1.31","","1.19","","","1.01","","","0.63","","","0.81","","0.5","","0.45","","",
"China","CHN","Poverty gap at $1.90 a day (2011 PPP) (%)","SI.POV.GAPS","","","","","","","","","","","","","","","","","","","","","","43.19","","","29.4","","","21.73","","","24.37","","","20.57","","","13.04","","","13.23","","","10.23","","","4.94","","","3.87","","2.66","","","","","",
"Cote d'Ivoire","CIV","Poverty gap at $1.90 a day (2011 PPP) (%)","SI.POV.GAPS","","","","","","","","","","","","","","","","","","","","","","","","","","2.03","0.63","1.6","2.53","","","","6.45","5.41","","4.67","","","7.57","","","","7.05","","","","","","10.3","","","","","","","",
"Cameroon","CMR","Poverty gap at $1.90 a day (2011 PPP) (%)","SI.POV.GAPS","","","","","","","","","","","","","","","","","","","","","","","","","","","","","","","","","","","","","15.29","","","","","6.07","","","","","","8.32","","","","","","","","",
"Congo, Rep.","COG","Poverty gap at $1.90 a day (2011 PPP) (%)","SI.POV.GAPS","","","","","","","","","","","","","","","","","","","","","","","","","","","","","","","","","","","","","","","","","","","","","","19.94","","","","","","9.58","","","","",
"Colombia","COL","Poverty gap at $1.90 a day (2011 PPP) (%)","SI.POV.GAPS","","","","","","","","","","","","","","","","","","","","","","","","","","","","","5.38","3.21","","3.41","4.41","","","","8.48","","","10.59","10.68","10.52","5.91","4.97","4.16","3.72","9.64","7.48","4.46","3.79","2.97","2.52","2.9","2.48","","",
"Comoros","COM","Poverty gap at $1.90 a day (2011 PPP) (%)","SI.POV.GAPS","","","","","","","","","","","","","","","","","","","","","","","","","","","","","","","","","","","","","","","","","","","","","3.66","","","","","","","","","","","",
"Cabo Verde","CPV","Poverty gap at $1.90 a day (2011 PPP) (%)","SI.POV.GAPS","","","","","","","","","","","","","","","","","","","","","","","","","","","","","","","","","","","","","","","","","","9.27","","","","","","4.74","","","","","","","","",
"Costa Rica","CRI","Poverty gap at $1.90 a day (2011 PPP) (%)","SI.POV.GAPS","","","","","","","","","","","","","","","","","","","","","","11.37","","","","","6.05","","","7.63","5.29","5.69","4.83","4.56","3.54","3.73","4.22","3.07","2.38","2.99","3.21","3.59","3.44","3.24","2.93","2.03","2.1","1.22","1.55","1.89","0.73","0.67","0.68","0.6","","",
"Caribbean small states","CSS","Poverty gap at $1.90 a day (2011 PPP) (%)","SI.POV.GAPS","","","","","","","","","","","","","","","","","","","","","","","","","","","","","","","","","","","","","","","","","","","","","","","","","","","","","","","","",
"Cuba","CUB","Poverty gap at $1.90 a day (2011 PPP) (%)","SI.POV.GAPS","","","","","","","","","","","","","","","","","","","","","","","","","","","","","","","","","","","","","","","","","","","","","","","","","","","","","","","","",
"Curacao","CUW","Poverty gap at $1.90 a day (2011 PPP) (%)","SI.POV.GAPS","","","","","","","","","","","","","","","","","","","","","","","","","","","","","","","","","","","","","","","","","","","","","","","","","","","","","","","","",
"Cayman Islands","CYM","Poverty gap at $1.90 a day (2011 PPP) (%)","SI.POV.GAPS","","","","","","","","","","","","","","","","","","","","","","","","","","","","","","","","","","","","","","","","","","","","","","","","","","","","","","","","",
"Cyprus","CYP","Poverty gap at $1.90 a day (2011 PPP) (%)","SI.POV.GAPS","","","","","","","","","","","","","","","","","","","","","","","","","","","","","","","","","","","","","","","","","","","","","","","","","","","","","","","","",
"Czech Republic","CZE","Poverty gap at $1.90 a day (2011 PPP) (%)","SI.POV.GAPS","","","","","","","","","","","","","","","","","","","","","","","","","","","","","0","","","","","0.01","","","0.15","","","","","","","","0","0","0.03","0.05","0.04","0.08","0.02","0.06","0.08","","","",
"Germany","DEU","Poverty gap at $1.90 a day (2011 PPP) (%)","SI.POV.GAPS","","","","","","","","","","","","","","","","","","","","","","","","","","","","","","","","","","","","","","","","","","","","","","","","","","","","","","","","",
"Djibouti","DJI","Poverty gap at $1.90 a day (2011 PPP) (%)","SI.POV.GAPS","","","","","","","","","","","","","","","","","","","","","","","","","","","","","","","","","","","","","","","","","","","6.03","","","","","","","","","","7.85","","","",
"Dominica","DMA","Poverty gap at $1.90 a day (2011 PPP) (%)","SI.POV.GAPS","","","","","","","","","","","","","","","","","","","","","","","","","","","","","","","","","","","","","","","","","","","","","","","","","","","","","","","","",
"Denmark","DNK","Poverty gap at $1.90 a day (2011 PPP) (%)","SI.POV.GAPS","","","","","","","","","","","","","","","","","","","","","","","","","","","","","","","","","","","","","","","","","","","","","","","","","","","","","","","","",
"Dominican Republic","DOM","Poverty gap at $1.90 a day (2011 PPP) (%)","SI.POV.GAPS","","","","","","","","","","","","","","","","","","","","","","","","","","","7.17","","","4.03","","","1.43","","","","1.86","2.03","","","1.85","1.13","1.95","2.28","2.71","1.69","1.29","1.17","0.97","0.84","0.6","0.72","0.68","0.56","","",
"Algeria","DZA","Poverty gap at $1.90 a day (2011 PPP) (%)","SI.POV.GAPS","","","","","","","","","","","","","","","","","","","","","","","","","","","","","","","","","","","","","","","","","","","","","","","","","","","","","","","","",
"East Asia & Pacific (developing only)","EAP","Poverty gap at $1.90 a day (2011 PPP) (%)","SI.POV.GAPS","","","","","","","","","","","","","","","","","","","","","","38.16","","","27.01","","","20.89","","","21.52","","","18.09","","","11.84","","","11.59","","","8.8","","","4.74","","","3.75","","2.55","1.83","1.47","","","",
"East Asia & Pacific (all income levels)","EAS","Poverty gap at $1.90 a day (2011 PPP) (%)","SI.POV.GAPS","","","","","","","","","","","","","","","","","","","","","","","","","","","","","","","","","","","","","","","","","","","","","","","","","","","","","","","","",
"Europe & Central Asia (developing only)","ECA","Poverty gap at $1.90 a day (2011 PPP) (%)","SI.POV.GAPS","","","","","","","","","","","","","","","","","","","","","","","","","","","","0.53","","","0.57","","","1.58","","","2.37","","","2.5","","","1.84","","","1.68","","","0.91","","0.77","0.67","0.58","","","",
"Europe & Central Asia (all income levels)","ECS","Poverty gap at $1.90 a day (2011 PPP) (%)","SI.POV.GAPS","","","","","","","","","","","","","","","","","","","","","","","","","","","","","","","","","","","","","","","","","","","","","","","","","","","","","","","","",
"Ecuador","ECU","Poverty gap at $1.90 a day (2011 PPP) (%)","SI.POV.GAPS","","","","","","","","","","","","","","","","","","","","","","","","","","","","7.71","","","","","","","7.69","8.28","","","6.1","9.76","11.64","","","7.29","6.32","5.68","3.6","4.27","3.96","3.73","2.85","2.59","2.46","1.72","","",
"Egypt, Arab Rep.","EGY","Poverty gap at $1.90 a day (2011 PPP) (%)","SI.POV.GAPS","","","","","","","","","","","","","","","","","","","","","","","","","","","","","","","","","","","","","","","","","","","","","","","","","","","","","","","","",
"Euro area","EMU","Poverty gap at $1.90 a day (2011 PPP) (%)","SI.POV.GAPS","","","","","","","","","","","","","","","","","","","","","","","","","","","","","","","","","","","","","","","","","","","","","","","","","","","","","","","","",
"Eritrea","ERI","Poverty gap at $1.90 a day (2011 PPP) (%)","SI.POV.GAPS","","","","","","","","","","","","","","","","","","","","","","","","","","","","","","","","","","","","","","","","","","","","","","","","","","","","","","","","",
"Spain","ESP","Poverty gap at $1.90 a day (2011 PPP) (%)","SI.POV.GAPS","","","","","","","","","","","","","","","","","","","","","","","","","","","","","","","","","","","","","","","","","","","","","","","","","","","","","","","","",
"Estonia","EST","Poverty gap at $1.90 a day (2011 PPP) (%)","SI.POV.GAPS","","","","","","","","","","","","","","","","","","","","","","","","","","","","","0.05","","","","","0.49","","0.13","","","0.03","","0.28","0.29","0.3","0.21","0.13","0.92","0.62","0.38","0.42","0.66","0.99","1.17","1.21","","","",
"Ethiopia","ETH","Poverty gap at $1.90 a day (2011 PPP) (%)","SI.POV.GAPS","","","","","","","","","","","","","","","","","","","","","","24.32","","","","","","","","","","","","","","27.07","","","","16.03","","","","","8.34","","","","","","9.04","","","","","",
"European Union","EUU","Poverty gap at $1.90 a day (2011 PPP) (%)","SI.POV.GAPS","","","","","","","","","","","","","","","","","","","","","","","","","","","","","","","","","","","","","","","","","","","","","","","","","","","","","","","","",
"Fragile and conflict affected situations","FCS","Poverty gap at $1.90 a day (2011 PPP) (%)","SI.POV.GAPS","","","","","","","","","","","","","","","","","","","","","","17.85","","","18.52","","","18.33","","","19.46","","","24.33","","","24.37","","","23.41","","","23.75","","","21.98","","","19.82","","19.26","18.67","17.75","","","",
"Finland","FIN","Poverty gap at $1.90 a day (2011 PPP) (%)","SI.POV.GAPS","","","","","","","","","","","","","","","","","","","","","","","","","","","","","","","","","","","","","","","","","","","","","","","","","","","","","","","","",
"Fiji","FJI","Poverty gap at $1.90 a day (2011 PPP) (%)","SI.POV.GAPS","","","","","","","","","","","","","","","","","","","","","","","","","","","","","","","","","","","","","","","","","","","0.94","","","","","","0.72","","","","","","","",
"France","FRA","Poverty gap at $1.90 a day (2011 PPP) (%)","SI.POV.GAPS","","","","","","","","","","","","","","","","","","","","","","","","","","","","","","","","","","","","","","","","","","","","","","","","","","","","","","","","",
"Faroe Islands","FRO","Poverty gap at $1.90 a day (2011 PPP) (%)","SI.POV.GAPS","","","","","","","","","","","","","","","","","","","","","","","","","","","","","","","","","","","","","","","","","","","","","","","","","","","","","","","","",
"Micronesia, Fed. Sts.","FSM","Poverty gap at $1.90 a day (2011 PPP) (%)","SI.POV.GAPS","","","","","","","","","","","","","","","","","","","","","","","","","","","","","","","","","","","","","","","","","28.48","","","","","","","","","","","","","","","",
"Gabon","GAB","Poverty gap at $1.90 a day (2011 PPP) (%)","SI.POV.GAPS","","","","","","","","","","","","","","","","","","","","","","","","","","","","","","","","","","","","","","","","","","","","","","1.85","","","","","","","","","","",
"United Kingdom","GBR","Poverty gap at $1.90 a day (2011 PPP) (%)","SI.POV.GAPS","","","","","","","","","","","","","","","","","","","","","","","","","","","","","","","","","","","","","","","","","","","","","","","","","","","","","","","","",
"Georgia","GEO","Poverty gap at $1.90 a day (2011 PPP) (%)","SI.POV.GAPS","","","","","","","","","","","","","","","","","","","","","","","","","","","","","","","","","","","","","1.04","5.76","5.43","6.47","7.03","6.61","5.13","5.75","5.67","5.38","5.02","5.22","4.96","5.15","6.41","6.17","5.04","3.36","","",
"Ghana","GHA","Poverty gap at $1.90 a day (2011 PPP) (%)","SI.POV.GAPS","","","","","","","","","","","","","","","","","","","","","","","","","","","","25.13","24.61","","","16.4","","","","","","","11.33","","","","","","","8.41","","","","","","","","","","",
"Guinea","GIN","Poverty gap at $1.90 a day (2011 PPP) (%)","SI.POV.GAPS","","","","","","","","","","","","","","","","","","","","","","","","","","","","","","","","62.96","","","19.01","","","","","","","","26.14","","","","","23.71","","","","","10.34","","","",
"Gambia, The","GMB","Poverty gap at $1.90 a day (2011 PPP) (%)","SI.POV.GAPS","","","","","","","","","","","","","","","","","","","","","","","","","","","","","","","","","","","","","","","38.15","","","","","17.72","","","","","","","","","","","","",
"Guinea-Bissau","GNB","Poverty gap at $1.90 a day (2011 PPP) (%)","SI.POV.GAPS","","","","","","","","","","","","","","","","","","","","","","","","","","","","","","","","22.67","","28.37","","","","","","","","","18.63","","","","","","","","30.53","","","","","",
"Equatorial Guinea","GNQ","Poverty gap at $1.90 a day (2011 PPP) (%)","SI.POV.GAPS","","","","","","","","","","","","","","","","","","","","","","","","","","","","","","","","","","","","","","","","","","","","","","","","","","","","","","","","",
"Greece","GRC","Poverty gap at $1.90 a day (2011 PPP) (%)","SI.POV.GAPS","","","","","","","","","","","","","","","","","","","","","","","","","","","","","","","","","","","","","","","","","","","","","","","","","","","","","","","","",
"Grenada","GRD","Poverty gap at $1.90 a day (2011 PPP) (%)","SI.POV.GAPS","","","","","","","","","","","","","","","","","","","","","","","","","","","","","","","","","","","","","","","","","","","","","","","","","","","","","","","","",
"Greenland","GRL","Poverty gap at $1.90 a day (2011 PPP) (%)","SI.POV.GAPS","","","","","","","","","","","","","","","","","","","","","","","","","","","","","","","","","","","","","","","","","","","","","","","","","","","","","","","","",
"Guatemala","GTM","Poverty gap at $1.90 a day (2011 PPP) (%)","SI.POV.GAPS","","","","","","","","","","","","","","","","","","","","","","","","","","","24.76","","","18.53","","","","","","","","","4.99","","3.92","","9.16","6.44","5.67","","3.93","","","","","4","","","","",
"Guam","GUM","Poverty gap at $1.90 a day (2011 PPP) (%)","SI.POV.GAPS","","","","","","","","","","","","","","","","","","","","","","","","","","","","","","","","","","","","","","","","","","","","","","","","","","","","","","","","",
"Guyana","GUY","Poverty gap at $1.90 a day (2011 PPP) (%)","SI.POV.GAPS","","","","","","","","","","","","","","","","","","","","","","","","","","","","","","","","","12.48","","","","","","4.98","","","","","","","","","","","","","","","","","",
"High income","HIC","Poverty gap at $1.90 a day (2011 PPP) (%)","SI.POV.GAPS","","","","","","","","","","","","","","","","","","","","","","","","","","","","","","","","","","","","","","","","","","","","","","","","","","","","","","","","",
"Hong Kong SAR, China","HKG","Poverty gap at $1.90 a day (2011 PPP) (%)","SI.POV.GAPS","","","","","","","","","","","","","","","","","","","","","","","","","","","","","","","","","","","","","","","","","","","","","","","","","","","","","","","","",
"Honduras","HND","Poverty gap at $1.90 a day (2011 PPP) (%)","SI.POV.GAPS","","","","","","","","","","","","","","","","","","","","","","","","","","","4.86","","","20.67","20.77","13.4","10.8","8.84","10.64","11.11","13.34","7.78","13.1","12.94","","8.09","15.13","12.61","11.89","13.93","11.4","6.91","6.3","4.82","5.4","7.88","9.25","7.66","","",
"Heavily indebted poor countries (HIPC)","HPC","Poverty gap at $1.90 a day (2011 PPP) (%)","SI.POV.GAPS","","","","","","","","","","","","","","","","","","","","","","","","","","","","","","","","","","","","","","","","","","","","","","","","","","","","","","","","",
"Croatia","HRV","Poverty gap at $1.90 a day (2011 PPP) (%)","SI.POV.GAPS","","","","","","","","","","","","","","","","","","","","","","","","","","","","","0.04","","","","","","","","","","0","0.24","0.06","0.05","","","0","","","","0","0","0","0.51","","","","",
"Haiti","HTI","Poverty gap at $1.90 a day (2011 PPP) (%)","SI.POV.GAPS","","","","","","","","","","","","","","","","","","","","","","","","","","","","","","","","","","","","","","","","","","27.97","","","","","","","","","","","28.9","","","",
"Hungary","HUN","Poverty gap at $1.90 a day (2011 PPP) (%)","SI.POV.GAPS","","","","","","","","","","","","","","","","","","","","","","","","","","","","0.06","","0.02","","","","0.16","","","","","0","0.01","0","0","0","0","0","0","0.09","0","0.03","0.04","0.08","0.06","0.21","","","",
"Indonesia","IDN","Poverty gap at $1.90 a day (2011 PPP) (%)","SI.POV.GAPS","","","","","","","","","","","","","","","","","","","","","","","","","27.88","","","25.71","","","17.21","","","17.06","","","12.37","","","9.5","","","4.3","","","4.43","","","4.25","","2.89","","","","","",
"Isle of Man","IMN","Poverty gap at $1.90 a day (2011 PPP) (%)","SI.POV.GAPS","","","","","","","","","","","","","","","","","","","","","","","","","","","","","","","","","","","","","","","","","","","","","","","","","","","","","","","","",
"India","IND","Poverty gap at $1.90 a day (2011 PPP) (%)","SI.POV.GAPS","","","","","","","","","","","","","","","","","","","","","","","","16.12","","","","14.39","","","","","","12.3","","","","","","","","","","","9.26","","","","","7.02","","4.27","","","","",
"Not classified","INX","Poverty gap at $1.90 a day (2011 PPP) (%)","SI.POV.GAPS","","","","","","","","","","","","","","","","","","","","","","","","","","","","","","","","","","","","","","","","","","","","","","","","","","","","","","","","",
"Ireland","IRL","Poverty gap at $1.90 a day (2011 PPP) (%)","SI.POV.GAPS","","","","","","","","","","","","","","","","","","","","","","","","","","","","","","","","","","","","","","","","","","","","","","","","","","","","","","","","",
"Iran, Islamic Rep.","IRN","Poverty gap at $1.90 a day (2011 PPP) (%)","SI.POV.GAPS","","","","","","","","","","","","","","","","","","","","","","","","","","","1.33","","","","1.34","","","","0.44","","","","0.35","","","","","","","0.54","","","","0.05","","","","0.03","","",
"Iraq","IRQ","Poverty gap at $1.90 a day (2011 PPP) (%)","SI.POV.GAPS","","","","","","","","","","","","","","","","","","","","","","","","","","","","","","","","","","","","","","","","","","","","","","","","","","","","","","","","",
"Iceland","ISL","Poverty gap at $1.90 a day (2011 PPP) (%)","SI.POV.GAPS","","","","","","","","","","","","","","","","","","","","","","","","","","","","","","","","","","","","","","","","","","","","","","","","","","","","","","","","",
"Israel","ISR","Poverty gap at $1.90 a day (2011 PPP) (%)","SI.POV.GAPS","","","","","","","","","","","","","","","","","","","","","","","","","","","","","","","","","","","","","","","","","","","","","","","","","","","","","","","","",
"Italy","ITA","Poverty gap at $1.90 a day (2011 PPP) (%)","SI.POV.GAPS","","","","","","","","","","","","","","","","","","","","","","","","","","","","","","","","","","","","","","","","","","","","","","","","","","","","","","","","",
"Jamaica","JAM","Poverty gap at $1.90 a day (2011 PPP) (%)","SI.POV.GAPS","","","","","","","","","","","","","","","","","","","","","","","","","","","","","2","","0.89","","","2.58","","","0.83","","","0.73","","","0.74","","0.37","","","","","","","","","","","",
"Jordan","JOR","Poverty gap at $1.90 a day (2011 PPP) (%)","SI.POV.GAPS","","","","","","","","","","","","","","","","","","","","","","","","","","","0.31","","","","","","0.74","","","","","0.3","","","","","0.15","","","","0.05","","0.02","","0.03","","","","","",
"Japan","JPN","Poverty gap at $1.90 a day (2011 PPP) (%)","SI.POV.GAPS","","","","","","","","","","","","","","","","","","","","","","","","","","","","","","","","","","","","","","","","","","","","","","","","","","","","","","","","",
"Kazakhstan","KAZ","Poverty gap at $1.90 a day (2011 PPP) (%)","SI.POV.GAPS","","","","","","","","","","","","","","","","","","","","","","","","","","","","","0.01","","","","","0.97","","","1.75","","","","","2.49","1.35","0.83","0.53","0.04","0.11","0.09","0.01","0.02","0.02","0.01","0.01","0.01","","",
"Kenya","KEN","Poverty gap at $1.90 a day (2011 PPP) (%)","SI.POV.GAPS","","","","","","","","","","","","","","","","","","","","","","","","","","","","","","","","","7.93","","6.38","","","5.59","","","","","","","","11.7","","","","","","","","","","",
"Kyrgyz Republic","KGZ","Poverty gap at $1.90 a day (2011 PPP) (%)","SI.POV.GAPS","","","","","","","","","","","","","","","","","","","","","","","","","","","","","0.45","","","","","22.4","","","","","11.6","","11.27","9.26","8.7","6.18","2.78","6.67","3.97","0.22","0.66","0.51","0.78","0.22","0.74","","","",
"Cambodia","KHM","Poverty gap at $1.90 a day (2011 PPP) (%)","SI.POV.GAPS","","","","","","","","","","","","","","","","","","","","","","","","","","","","","","","","","","","12.39","","","","","","","","","","7.64","","","7.08","4.26","2.09","1.82","1.54","0.97","","","",
"Kiribati","KIR","Poverty gap at $1.90 a day (2011 PPP) (%)","SI.POV.GAPS","","","","","","","","","","","","","","","","","","","","","","","","","","","","","","","","","","","","","","","","","","","","","","","4.55","","","","","","","","","",
"St. Kitts and Nevis","KNA","Poverty gap at $1.90 a day (2011 PPP) (%)","SI.POV.GAPS","","","","","","","","","","","","","","","","","","","","","","","","","","","","","","","","","","","","","","","","","","","","","","","","","","","","","","","","",
"Korea, Rep.","KOR","Poverty gap at $1.90 a day (2011 PPP) (%)","SI.POV.GAPS","","","","","","","","","","","","","","","","","","","","","","","","","","","","","","","","","","","","","","","","","","","","","","","","","","","","","","","","",
"Kosovo","KSV","Poverty gap at $1.90 a day (2011 PPP) (%)","SI.POV.GAPS","","","","","","","","","","","","","","","","","","","","","","","","","","","","","","","","","","","","","","","","","","","","0.03","","0.25","0","","","0.23","0","0","0.01","0","","",
"Kuwait","KWT","Poverty gap at $1.90 a day (2011 PPP) (%)","SI.POV.GAPS","","","","","","","","","","","","","","","","","","","","","","","","","","","","","","","","","","","","","","","","","","","","","","","","","","","","","","","","",
"Latin America & Caribbean (developing only)","LAC","Poverty gap at $1.90 a day (2011 PPP) (%)","SI.POV.GAPS","","","","","","","","","","","","","","","","","","","","","","12.6","","","13.93","","","10.72","","","8.64","","","6.59","","","6.01","","","5.96","","","5.41","","","4.31","","","3.11","","2.89","2.76","2.64","","","",
"Lao PDR","LAO","Poverty gap at $1.90 a day (2011 PPP) (%)","SI.POV.GAPS","","","","","","","","","","","","","","","","","","","","","","","","","","","","","","","","","11.03","","","","","13.46","","","","","11.79","","","","","9.47","","","","","7.76","","","",
"Lebanon","LBN","Poverty gap at $1.90 a day (2011 PPP) (%)","SI.POV.GAPS","","","","","","","","","","","","","","","","","","","","","","","","","","","","","","","","","","","","","","","","","","","","","","","","","","","","","","","","",
"Liberia","LBR","Poverty gap at $1.90 a day (2011 PPP) (%)","SI.POV.GAPS","","","","","","","","","","","","","","","","","","","","","","","","","","","","","","","","","","","","","","","","","","","","","","","","28.14","","","","","","","","",
"Libya","LBY","Poverty gap at $1.90 a day (2011 PPP) (%)","SI.POV.GAPS","","","","","","","","","","","","","","","","","","","","","","","","","","","","","","","","","","","","","","","","","","","","","","","","","","","","","","","","",
"St. Lucia","LCA","Poverty gap at $1.90 a day (2011 PPP) (%)","SI.POV.GAPS","","","","","","","","","","","","","","","","","","","","","","","","","","","","","","","","","","","","13.24","","","","","","","","","","","","","","","","","","","","",
"Latin America & Caribbean (all income levels)","LCN","Poverty gap at $1.90 a day (2011 PPP) (%)","SI.POV.GAPS","","","","","","","","","","","","","","","","","","","","","","","","","","","","","","","","","","","","","","","","","","","","","","","","","","","","","","","","",
"Least developed countries: UN classification","LDC","Poverty gap at $1.90 a day (2011 PPP) (%)","SI.POV.GAPS","","","","","","","","","","","","","","","","","","","","","","","","","","","","","","","","","","","","","","","","","","","","","","","","","","","","","","","","",
"Low income","LIC","Poverty gap at $1.90 a day (2011 PPP) (%)","SI.POV.GAPS","","","","","","","","","","","","","","","","","","","","","","33.06","","","31.62","","","31.05","","","30.93","","","34.14","","","32.93","","","31.22","","","30.21","","","25.85","","","23.22","","21.41","19.92","18.6","","","",
"Liechtenstein","LIE","Poverty gap at $1.90 a day (2011 PPP) (%)","SI.POV.GAPS","","","","","","","","","","","","","","","","","","","","","","","","","","","","","","","","","","","","","","","","","","","","","","","","","","","","","","","","",
"Sri Lanka","LKA","Poverty gap at $1.90 a day (2011 PPP) (%)","SI.POV.GAPS","","","","","","","","","","","","","","","","","","","","","","","","","","2.55","","","","","1.49","","","","","1.6","","","","","","","1.41","","","","0.55","","","0.41","","","0.26","","","",
"Lower middle income","LMC","Poverty gap at $1.90 a day (2011 PPP) (%)","SI.POV.GAPS","","","","","","","","","","","","","","","","","","","","","","17.71","","","16.34","","","15.83","","","13.87","","","12.9","","","11.38","","","10.99","","","10.14","","","8.15","","","7.34","","6.25","5.31","4.69","","","",
"Low & middle income","LMY","Poverty gap at $1.90 a day (2011 PPP) (%)","SI.POV.GAPS","","","","","","","","","","","","","","","","","","","","","","23.12","","","18.69","","","15.97","","","15.65","","","14.33","","","11.52","","","11.32","","","10.06","","","7.5","","","6.48","","5.58","4.83","4.35","","","",
"Lesotho","LSO","Poverty gap at $1.90 a day (2011 PPP) (%)","SI.POV.GAPS","","","","","","","","","","","","","","","","","","","","","","","","","","","44.17","","","","","","","","44.79","","","","","","","","31.99","","","","","","","","31.83","","","","","",
"Lithuania","LTU","Poverty gap at $1.90 a day (2011 PPP) (%)","SI.POV.GAPS","","","","","","","","","","","","","","","","","","","","","","","","","","","","","0.05","","","","","0.91","","","0","","0.06","0.05","0.03","0.14","0.07","0.03","0.03","0.87","0.77","0.71","0.03","1.64","1.33","0.82","0.75","","","",
"Luxembourg","LUX","Poverty gap at $1.90 a day (2011 PPP) (%)","SI.POV.GAPS","","","","","","","","","","","","","","","","","","","","","","","","","","","","","","","","","","","","","","","","","","","","","","","","","","","","","","","","",
"Latvia","LVA","Poverty gap at $1.90 a day (2011 PPP) (%)","SI.POV.GAPS","","","","","","","","","","","","","","","","","","","","","","","","","","","","","0.03","","","","","0","","0","0.19","4.5","4.77","","","","0.21","0.1","0.05","2.49","0.84","0","0","0.05","1.35","1","0.97","","","",
"Macao SAR, China","MAC","Poverty gap at $1.90 a day (2011 PPP) (%)","SI.POV.GAPS","","","","","","","","","","","","","","","","","","","","","","","","","","","","","","","","","","","","","","","","","","","","","","","","","","","","","","","","",
"St. Martin (French part)","MAF","Poverty gap at $1.90 a day (2011 PPP) (%)","SI.POV.GAPS","","","","","","","","","","","","","","","","","","","","","","","","","","","","","","","","","","","","","","","","","","","","","","","","","","","","","","","","",
"Morocco","MAR","Poverty gap at $1.90 a day (2011 PPP) (%)","SI.POV.GAPS","","","","","","","","","","","","","","","","","","","","","","","","","2.31","","","","","","0.4","","","","","","","","1.29","","1.28","","","","","","","0.61","","","","","","","","",
"Monaco","MCO","Poverty gap at $1.90 a day (2011 PPP) (%)","SI.POV.GAPS","","","","","","","","","","","","","","","","","","","","","","","","","","","","","","","","","","","","","","","","","","","","","","","","","","","","","","","","",
"Moldova","MDA","Poverty gap at $1.90 a day (2011 PPP) (%)","SI.POV.GAPS","","","","","","","","","","","","","","","","","","","","","","","","","","","","","0","","","","3.28","","","","","4.73","9.05","12.68","11.08","8.05","3.88","1.47","1.88","3.32","0.59","0.27","0.25","0.15","0.11","0.04","0.04","0.01","","",
"Madagascar","MDG","Poverty gap at $1.90 a day (2011 PPP) (%)","SI.POV.GAPS","","","","","","","","","","","","","","","","","","","","","","","","","","","","","","","","","","30.35","","","","28.12","","27.71","","34.36","","","","31.7","","","","","40.32","","","","","",
"Maldives","MDV","Poverty gap at $1.90 a day (2011 PPP) (%)","SI.POV.GAPS","","","","","","","","","","","","","","","","","","","","","","","","","","","","","","","","","","","","","","","12.21","","","","","","0.25","","","","","1.07","","","","","","",
"Middle East & North Africa (all income levels)","MEA","Poverty gap at $1.90 a day (2011 PPP) (%)","SI.POV.GAPS","","","","","","","","","","","","","","","","","","","","","","","","","","","","","","","","","","","","","","","","","","","","","","","","","","","","","","","","",
"Mexico","MEX","Poverty gap at $1.90 a day (2011 PPP) (%)","SI.POV.GAPS","","","","","","","","","","","","","","","","","","","","","","","","","9.65","","","","","3.78","","","2.88","","2.3","","4.33","","4.74","","3.46","","2.5","","2.24","3.31","0.8","","0.87","","0.96","","0.67","","","",
"Marshall Islands","MHL","Poverty gap at $1.90 a day (2011 PPP) (%)","SI.POV.GAPS","","","","","","","","","","","","","","","","","","","","","","","","","","","","","","","","","","","","","","","","","","","","","","","","","","","","","","","","",
"Middle income","MIC","Poverty gap at $1.90 a day (2011 PPP) (%)","SI.POV.GAPS","","","","","","","","","","","","","","","","","","","","","","24.33","","","19.18","","","16.07","","","15.56","","","13.71","","","10.55","","","10.35","","","8.94","","","6.2","","","5.28","","4.36","3.6","3.15","","","",
"Macedonia, FYR","MKD","Poverty gap at $1.90 a day (2011 PPP) (%)","SI.POV.GAPS","","","","","","","","","","","","","","","","","","","","","","","","","","","","","","","","","","","","","","","0.04","","1","","0.31","0.24","0.32","0.38","0.56","","0.36","","","","","","","",
"Mali","MLI","Poverty gap at $1.90 a day (2011 PPP) (%)","SI.POV.GAPS","","","","","","","","","","","","","","","","","","","","","","","","","","","","","","","","","","","51.88","","","","","","","22.91","","","","","17.46","","","15.19","","","","","","",
"Malta","MLT","Poverty gap at $1.90 a day (2011 PPP) (%)","SI.POV.GAPS","","","","","","","","","","","","","","","","","","","","","","","","","","","","","","","","","","","","","","","","","","","","","","","","","","","","","","","","",
"Myanmar","MMR","Poverty gap at $1.90 a day (2011 PPP) (%)","SI.POV.GAPS","","","","","","","","","","","","","","","","","","","","","","","","","","","","","","","","","","","","","","","","","","","","","","","","","","","","","","","","",
"Middle East & North Africa (developing only)","MNA","Poverty gap at $1.90 a day (2011 PPP) (%)","SI.POV.GAPS","","","","","","","","","","","","","","","","","","","","","","","","","1.58","","","1.62","","","1.15","","","1.39","","","1.2","","","0.81","","","","","","0.64","","","0.53","","","","","","","",
"Montenegro","MNE","Poverty gap at $1.90 a day (2011 PPP) (%)","SI.POV.GAPS","","","","","","","","","","","","","","","","","","","","","","","","","","","","","","","","","","","","","","","","","","","","","","0.07","0","0.03","0.04","0","0","0.08","0.52","0.38","","",
"Mongolia","MNG","Poverty gap at $1.90 a day (2011 PPP) (%)","SI.POV.GAPS","","","","","","","","","","","","","","","","","","","","","","","","","","","","","","","","","","","","3.04","","","8.05","","","","2.42","","","","","0.23","","","0.1","0.06","0.06","","","",
"Northern Mariana Islands","MNP","Poverty gap at $1.90 a day (2011 PPP) (%)","SI.POV.GAPS","","","","","","","","","","","","","","","","","","","","","","","","","","","","","","","","","","","","","","","","","","","","","","","","","","","","","","","","",
"Mozambique","MOZ","Poverty gap at $1.90 a day (2011 PPP) (%)","SI.POV.GAPS","","","","","","","","","","","","","","","","","","","","","","","","","","","","","","","","","","","","","47.28","","","","","","41.53","","","","","","31.41","","","","","","","",
"Mauritania","MRT","Poverty gap at $1.90 a day (2011 PPP) (%)","SI.POV.GAPS","","","","","","","","","","","","","","","","","","","","","","","","","","","","17.35","","","","","","13.66","","6.13","","","","","5.25","","","","3.59","","","","2.92","","","","","","","",
"Mauritius","MUS","Poverty gap at $1.90 a day (2011 PPP) (%)","SI.POV.GAPS","","","","","","","","","","","","","","","","","","","","","","","","","","","","","","","","","","","","","","","","","","","","","","","0.07","","","","","","0.11","","","",
"Malawi","MWI","Poverty gap at $1.90 a day (2011 PPP) (%)","SI.POV.GAPS","","","","","","","","","","","","","","","","","","","","","","","","","","","","","","","","","","","","","","24.92","","","","","","","31.68","","","","","","33.29","","","","","",
"Malaysia","MYS","Poverty gap at $1.90 a day (2011 PPP) (%)","SI.POV.GAPS","","","","","","","","","","","","","","","","","","","","","","","","","0.58","","","0.31","","0.25","","","0.1","","","0.21","","0.03","","","","","","","1.03","","","0","","0.04","","","","","","",
"North America","NAC","Poverty gap at $1.90 a day (2011 PPP) (%)","SI.POV.GAPS","","","","","","","","","","","","","","","","","","","","","","","","","","","","","","","","","","","","","","","","","","","","","","","","","","","","","","","","",
"Namibia","NAM","Poverty gap at $1.90 a day (2011 PPP) (%)","SI.POV.GAPS","","","","","","","","","","","","","","","","","","","","","","","","","","","","","","","","","","27.77","","","","","","","","","","10.17","","","","","","6.65","","","","","","",
"New Caledonia","NCL","Poverty gap at $1.90 a day (2011 PPP) (%)","SI.POV.GAPS","","","","","","","","","","","","","","","","","","","","","","","","","","","","","","","","","","","","","","","","","","","","","","","","","","","","","","","","",
"Niger","NER","Poverty gap at $1.90 a day (2011 PPP) (%)","SI.POV.GAPS","","","","","","","","","","","","","","","","","","","","","","","","","","","","","","","","","34.12","","43.13","","","","","","","","","","","35.5","","28.75","","","","13.91","","","","",
"Nigeria","NGA","Poverty gap at $1.90 a day (2011 PPP) (%)","SI.POV.GAPS","","","","","","","","","","","","","","","","","","","","","","","","","","17.39","","","","","","","27.37","","","","31.07","","","","","","","21.92","","","","","","21.76","","","","","","",
"Nicaragua","NIC","Poverty gap at $1.90 a day (2011 PPP) (%)","SI.POV.GAPS","","","","","","","","","","","","","","","","","","","","","","","","","","","","","","","","","","6.95","","","","","4.39","","","4.9","","","","3.61","","","","3.62","","","","","","",
"Netherlands","NLD","Poverty gap at $1.90 a day (2011 PPP) (%)","SI.POV.GAPS","","","","","","","","","","","","","","","","","","","","","","","","","","","","","","","","","","","","","","","","","","","","","","","","","","","","","","","","",
"High income: nonOECD","NOC","Poverty gap at $1.90 a day (2011 PPP) (%)","SI.POV.GAPS","","","","","","","","","","","","","","","","","","","","","","","","","","","","","","","","","","","","","","","","","","","","","","","","","","","","","","","","",
"Norway","NOR","Poverty gap at $1.90 a day (2011 PPP) (%)","SI.POV.GAPS","","","","","","","","","","","","","","","","","","","","","","","","","","","","","","","","","","","","","","","","","","","","","","","","","","","","","","","","",
"Nepal","NPL","Poverty gap at $1.90 a day (2011 PPP) (%)","SI.POV.GAPS","","","","","","","","","","","","","","","","","","","","","","","","","28.36","","","","","","","","","","","21.16","","","","","","","","14.78","","","","","","","3.04","","","","","",
"New Zealand","NZL","Poverty gap at $1.90 a day (2011 PPP) (%)","SI.POV.GAPS","","","","","","","","","","","","","","","","","","","","","","","","","","","","","","","","","","","","","","","","","","","","","","","","","","","","","","","","",
"High income: OECD","OEC","Poverty gap at $1.90 a day (2011 PPP) (%)","SI.POV.GAPS","","","","","","","","","","","","","","","","","","","","","","","","","","","","","","","","","","","","","","","","","","","","","","","","","","","","","","","","",
"OECD members","OED","Poverty gap at $1.90 a day (2011 PPP) (%)","SI.POV.GAPS","","","","","","","","","","","","","","","","","","","","","","","","","","","","","","","","","","","","","","","","","","","","","","","","","","","","","","","","",
"Oman","OMN","Poverty gap at $1.90 a day (2011 PPP) (%)","SI.POV.GAPS","","","","","","","","","","","","","","","","","","","","","","","","","","","","","","","","","","","","","","","","","","","","","","","","","","","","","","","","",
"Other small states","OSS","Poverty gap at $1.90 a day (2011 PPP) (%)","SI.POV.GAPS","","","","","","","","","","","","","","","","","","","","","","","","","","","","","","","","","","","","","","","","","","","","","","","","","","","","","","","","",
"Pakistan","PAK","Poverty gap at $1.90 a day (2011 PPP) (%)","SI.POV.GAPS","","","","","","","","","","","","","","","","","","","","","","","","","","","","20.63","","","19.97","","","","","","2.58","","4.76","","","5.73","","","3.44","2.73","","2.13","","","1.18","","","","","",
"Panama","PAN","Poverty gap at $1.90 a day (2011 PPP) (%)","SI.POV.GAPS","","","","","","","","","","","","","","","","","","","","","","","","","","","","","","16.31","","13.97","","","","11.04","","9.22","9.93","8.47","9.36","8.79","4.9","4.86","4.29","4.04","4.69","2.82","1.53","0.94","1.32","1.29","1.44","0.8","","",
"Peru","PER","Poverty gap at $1.90 a day (2011 PPP) (%)","SI.POV.GAPS","","","","","","","","","","","","","","","","","","","","","","","","","","0.72","","","","","","","","","4.11","","","7.01","6.79","7.11","6.05","6.7","5.65","4","3.91","4.62","4.09","3.22","2.38","1.82","1.3","1.14","1.13","0.94","","",
"Philippines","PHL","Poverty gap at $1.90 a day (2011 PPP) (%)","SI.POV.GAPS","","","","","","","","","","","","","","","","","","","","","","","","","","9.32","","","6.91","","","7.2","","","6.33","","","4.08","","","4.44","","","4.04","","","3.67","","","2.43","","","2.74","","","",
"Palau","PLW","Poverty gap at $1.90 a day (2011 PPP) (%)","SI.POV.GAPS","","","","","","","","","","","","","","","","","","","","","","","","","","","","","","","","","","","","","","","","","","","","","","","","","","","","","","","","",
"Papua New Guinea","PNG","Poverty gap at $1.90 a day (2011 PPP) (%)","SI.POV.GAPS","","","","","","","","","","","","","","","","","","","","","","","","","","","","","","","","","","","","","28.11","","","","","","","","","","","","","15.92","","","","","","",
"Poland","POL","Poverty gap at $1.90 a day (2011 PPP) (%)","SI.POV.GAPS","","","","","","","","","","","","","","","","","","","","","","","","","","0.13","","0.09","","0.08","","","0.01","","","","0.49","","0","0.01","0.02","0.02","0.01","0","0.02","0.48","0","0.01","0","0","0","0","0","","","",
"Puerto Rico","PRI","Poverty gap at $1.90 a day (2011 PPP) (%)","SI.POV.GAPS","","","","","","","","","","","","","","","","","","","","","","","","","","","","","","","","","","","","","","","","","","","","","","","","","","","","","","","","",
"Korea, Dem. People’s Rep.","PRK","Poverty gap at $1.90 a day (2011 PPP) (%)","SI.POV.GAPS","","","","","","","","","","","","","","","","","","","","","","","","","","","","","","","","","","","","","","","","","","","","","","","","","","","","","","","","",
"Portugal","PRT","Poverty gap at $1.90 a day (2011 PPP) (%)","SI.POV.GAPS","","","","","","","","","","","","","","","","","","","","","","","","","","","","","","","","","","","","","","","","","","","","","","","","","","","","","","","","",
"Paraguay","PRY","Poverty gap at $1.90 a day (2011 PPP) (%)","SI.POV.GAPS","","","","","","","","","","","","","","","","","","","","","","","","","","","","","","","0.3","","","","","5.25","","4.53","","4.07","","3.62","5.31","3.18","2.12","2.55","3.31","2.9","1.62","2.21","2.1","1.93","1.15","0.87","","",
"Pacific island small states","PSS","Poverty gap at $1.90 a day (2011 PPP) (%)","SI.POV.GAPS","","","","","","","","","","","","","","","","","","","","","","","","","","","","","","","","","","","","","","","","","","","","","","","","","","","","","","","","",
"French Polynesia","PYF","Poverty gap at $1.90 a day (2011 PPP) (%)","SI.POV.GAPS","","","","","","","","","","","","","","","","","","","","","","","","","","","","","","","","","","","","","","","","","","","","","","","","","","","","","","","","",
"Qatar","QAT","Poverty gap at $1.90 a day (2011 PPP) (%)","SI.POV.GAPS","","","","","","","","","","","","","","","","","","","","","","","","","","","","","","","","","","","","","","","","","","","","","","","","","","","","","","","","",
"Romania","ROU","Poverty gap at $1.90 a day (2011 PPP) (%)","SI.POV.GAPS","","","","","","","","","","","","","","","","","","","","","","","","","","","","","","0.29","","","0.3","","2.45","","","","0.01","1.32","1.55","1.1","1.21","0.75","0.28","0.27","2.6","2.15","0","0","0","0","0","","","",
"Russian Federation","RUS","Poverty gap at $1.90 a day (2011 PPP) (%)","SI.POV.GAPS","","","","","","","","","","","","","","","","","","","","","","","","","","","","","0.31","","","","","0.24","","","0.61","0.27","0.4","0.82","0.51","0.25","0.14","0.21","0.22","0.15","0.12","0.05","0.02","0.01","0.03","0.01","0.01","","","",
"Rwanda","RWA","Poverty gap at $1.90 a day (2011 PPP) (%)","SI.POV.GAPS","","","","","","","","","","","","","","","","","","","","","","","","","19.9","","","","","","","","","","","","","","","","37.93","","","","","31.14","","","","","23.7","","","","","",
"South Asia","SAS","Poverty gap at $1.90 a day (2011 PPP) (%)","SI.POV.GAPS","","","","","","","","","","","","","","","","","","","","","","18.98","","","17.3","","","16.29","","","14.76","","","13.31","","","11.39","","","","","","10.35","","","8.28","","","7.38","","5.99","4.61","3.73","","","",
"Saudi Arabia","SAU","Poverty gap at $1.90 a day (2011 PPP) (%)","SI.POV.GAPS","","","","","","","","","","","","","","","","","","","","","","","","","","","","","","","","","","","","","","","","","","","","","","","","","","","","","","","","",
"Sudan","SDN","Poverty gap at $1.90 a day (2011 PPP) (%)","SI.POV.GAPS","","","","","","","","","","","","","","","","","","","","","","","","","","","","","","","","","","","","","","","","","","","","","","","","","","3.98","","","","","","",
"Senegal","SEN","Poverty gap at $1.90 a day (2011 PPP) (%)","SI.POV.GAPS","","","","","","","","","","","","","","","","","","","","","","","","","","","","","","","","36.11","","","21","","","","","","","16.1","","","","12.44","","","","","","12.79","","","","",
"Singapore","SGP","Poverty gap at $1.90 a day (2011 PPP) (%)","SI.POV.GAPS","","","","","","","","","","","","","","","","","","","","","","","","","","","","","","","","","","","","","","","","","","","","","","","","","","","","","","","","",
"Solomon Islands","SLB","Poverty gap at $1.90 a day (2011 PPP) (%)","SI.POV.GAPS","","","","","","","","","","","","","","","","","","","","","","","","","","","","","","","","","","","","","","","","","","","","","","17.38","","","","","","","","","","",
"Sierra Leone","SLE","Poverty gap at $1.90 a day (2011 PPP) (%)","SI.POV.GAPS","","","","","","","","","","","","","","","","","","","","","","","","","","","","","","46.81","","","","","","","","","","","","","","21.76","","","","","","","","16.7","","","","",
"El Salvador","SLV","Poverty gap at $1.90 a day (2011 PPP) (%)","SI.POV.GAPS","","","","","","","","","","","","","","","","","","","","","","","","","","","","","","12.27","","10.34","","","","8.24","9.28","","11.18","8.91","4.81","5.59","5.54","8.5","4.14","3.45","1.73","1.08","1.99","1.67","2.33","1.06","0.98","0.74","","",
"San Marino","SMR","Poverty gap at $1.90 a day (2011 PPP) (%)","SI.POV.GAPS","","","","","","","","","","","","","","","","","","","","","","","","","","","","","","","","","","","","","","","","","","","","","","","","","","","","","","","","",
"Somalia","SOM","Poverty gap at $1.90 a day (2011 PPP) (%)","SI.POV.GAPS","","","","","","","","","","","","","","","","","","","","","","","","","","","","","","","","","","","","","","","","","","","","","","","","","","","","","","","","",
"Serbia","SRB","Poverty gap at $1.90 a day (2011 PPP) (%)","SI.POV.GAPS","","","","","","","","","","","","","","","","","","","","","","","","","","","","","","","","","","","","","","","","","","","0.2","0.13","0.19","0.27","0.1","0.07","0.03","0.02","0.01","","","","","",
"Sub-Saharan Africa (developing only)","SSA","Poverty gap at $1.90 a day (2011 PPP) (%)","SI.POV.GAPS","","","","","","","","","","","","","","","","","","","","","","","","","","","","","","","24.94","","","27.98","","","26.99","","","26.37","","","25.72","","","21.22","","","19.28","","18.35","17.34","16.47","","","",
"South Sudan","SSD","Poverty gap at $1.90 a day (2011 PPP) (%)","SI.POV.GAPS","","","","","","","","","","","","","","","","","","","","","","","","","","","","","","","","","","","","","","","","","","","","","","","","","","","","","","","","",
"Sub-Saharan Africa (all income levels)","SSF","Poverty gap at $1.90 a day (2011 PPP) (%)","SI.POV.GAPS","","","","","","","","","","","","","","","","","","","","","","","","","","","","","","","","","","","","","","","","","","","","","","","","","","","","","","","","",
"Small states","SST","Poverty gap at $1.90 a day (2011 PPP) (%)","SI.POV.GAPS","","","","","","","","","","","","","","","","","","","","","","","","","","","","","","","","","","","","","","","","","","","","","","","","","","","","","","","","",
"Sao Tome and Principe","STP","Poverty gap at $1.90 a day (2011 PPP) (%)","SI.POV.GAPS","","","","","","","","","","","","","","","","","","","","","","","","","","","","","","","","","","","","","","","","","7.66","","","","","","","","","","9.12","","","","","",
"Suriname","SUR","Poverty gap at $1.90 a day (2011 PPP) (%)","SI.POV.GAPS","","","","","","","","","","","","","","","","","","","","","","","","","","","","","","","","","","","","","","","","16.52","","","","","","","","","","","","","","","","",
"Slovak Republic","SVK","Poverty gap at $1.90 a day (2011 PPP) (%)","SI.POV.GAPS","","","","","","","","","","","","","","","","","","","","","","","","","","","","","0","","","","0","","","","0.07","","","","","","","","0.02","0.01","0","0","0","0","0.2","0.21","0.12","","","",
"Slovenia","SVN","Poverty gap at $1.90 a day (2011 PPP) (%)","SI.POV.GAPS","","","","","","","","","","","","","","","","","","","","","","","","","","","","0.02","","","","","","0.04","","","","","0.02","","","","0","0","0","0.05","1.53","0.21","0.03","0.48","0.05","0","0","","","",
"Sweden","SWE","Poverty gap at $1.90 a day (2011 PPP) (%)","SI.POV.GAPS","","","","","","","","","","","","","","","","","","","","","","","","","","","","","","","","","","","","","","","","","","","","","","","","","","","","","","","","",
"Swaziland","SWZ","Poverty gap at $1.90 a day (2011 PPP) (%)","SI.POV.GAPS","","","","","","","","","","","","","","","","","","","","","","","","","","","","","","","","","","","51.04","","","","","","17.49","","","","","","","","","16.64","","","","","","",
"Sint Maarten (Dutch part)","SXM","Poverty gap at $1.90 a day (2011 PPP) (%)","SI.POV.GAPS","","","","","","","","","","","","","","","","","","","","","","","","","","","","","","","","","","","","","","","","","","","","","","","","","","","","","","","","",
"Seychelles","SYC","Poverty gap at $1.90 a day (2011 PPP) (%)","SI.POV.GAPS","","","","","","","","","","","","","","","","","","","","","","","","","","","","","","","","","","","","","","","","0.11","","","","","","","0.05","","","","","","","","","",
"Syrian Arab Republic","SYR","Poverty gap at $1.90 a day (2011 PPP) (%)","SI.POV.GAPS","","","","","","","","","","","","","","","","","","","","","","","","","","","","","","","","","","","","","","","","","","","","","","","","","","","","","","","","",
"Turks and Caicos Islands","TCA","Poverty gap at $1.90 a day (2011 PPP) (%)","SI.POV.GAPS","","","","","","","","","","","","","","","","","","","","","","","","","","","","","","","","","","","","","","","","","","","","","","","","","","","","","","","","",
"Chad","TCD","Poverty gap at $1.90 a day (2011 PPP) (%)","SI.POV.GAPS","","","","","","","","","","","","","","","","","","","","","","","","","","","","","","","","","","","","","","","","","","","","26.73","","","","","","","","15.29","","","","",
"Togo","TGO","Poverty gap at $1.90 a day (2011 PPP) (%)","SI.POV.GAPS","","","","","","","","","","","","","","","","","","","","","","","","","","","","","","","","","","","","","","","","","","","","","","","21.05","","","","","23.21","","","","",
"Thailand","THA","Poverty gap at $1.90 a day (2011 PPP) (%)","SI.POV.GAPS","","","","","","","","","","","","","","","","","","","","","","5.01","","","","","","","2.55","","1.78","","1.13","","0.52","","0.34","","0.23","0.36","0.41","","0.22","","0.12","","0.11","0.05","0.02","0.03","0.01","0.01","0.01","","","",
"Tajikistan","TJK","Poverty gap at $1.90 a day (2011 PPP) (%)","SI.POV.GAPS","","","","","","","","","","","","","","","","","","","","","","","","","","","","","","","","","","","","","","","","17.49","","","","8.19","3.57","","","3.79","","0.9","","","","","","",
"Turkmenistan","TKM","Poverty gap at $1.90 a day (2011 PPP) (%)","SI.POV.GAPS","","","","","","","","","","","","","","","","","","","","","","","","","","","","","8.99","","","","","39.45","","","","","14.54","","","","","","","","","","","","","","","","","",
"Timor-Leste","TLS","Poverty gap at $1.90 a day (2011 PPP) (%)","SI.POV.GAPS","","","","","","","","","","","","","","","","","","","","","","","","","","","","","","","","","","","","","","","","","","13.49","","","","","","12.09","","","","","","","","",
"Tonga","TON","Poverty gap at $1.90 a day (2011 PPP) (%)","SI.POV.GAPS","","","","","","","","","","","","","","","","","","","","","","","","","","","","","","","","","","","","","","","","","","","","","","","","","","0.23","","","","","","",
"Trinidad and Tobago","TTO","Poverty gap at $1.90 a day (2011 PPP) (%)","SI.POV.GAPS","","","","","","","","","","","","","","","","","","","","","","","","","","","","","0.02","","","","0.86","","","","","","","","","","","","","","","","","","","","","","","",
"Tunisia","TUN","Poverty gap at $1.90 a day (2011 PPP) (%)","SI.POV.GAPS","","","","","","","","","","","","","","","","","","","","","","","","","","3.47","","","","","2.44","","","","","2.54","","","","","1.02","","","","","0.65","","","","","0.4","","","","","",
"Turkey","TUR","Poverty gap at $1.90 a day (2011 PPP) (%)","SI.POV.GAPS","","","","","","","","","","","","","","","","","","","","","","","","","","","","0.38","","","","","","","0.57","","","","","","","","0.22","0.75","0.3","0.34","0.32","0.17","0.03","0.07","0.1","0.01","0.01","","","",
"Tuvalu","TUV","Poverty gap at $1.90 a day (2011 PPP) (%)","SI.POV.GAPS","","","","","","","","","","","","","","","","","","","","","","","","","","","","","","","","","","","","","","","","","","","","","","","","","","","","","","","","",
"Tanzania","TZA","Poverty gap at $1.90 a day (2011 PPP) (%)","SI.POV.GAPS","","","","","","","","","","","","","","","","","","","","","","","","","","","","","","","","28.95","","","","","","","","","44.54","","","","","","","18.95","","","","14.35","","","","",
"Uganda","UGA","Poverty gap at $1.90 a day (2011 PPP) (%)","SI.POV.GAPS","","","","","","","","","","","","","","","","","","","","","","","","","","","","","","53.13","","","28.61","","","","22.56","","","19.19","","","24.47","","","19.4","","","","13.16","","","10.13","","","",
"Ukraine","UKR","Poverty gap at $1.90 a day (2011 PPP) (%)","SI.POV.GAPS","","","","","","","","","","","","","","","","","","","","","","","","","","","","","0.14","","","","0.17","","","1.43","1.47","","","1.65","","","0.31","0.13","0.08","0.04","0.01","0.01","0","0.01","0","0","0","0","","",
"Upper middle income","UMC","Poverty gap at $1.90 a day (2011 PPP) (%)","SI.POV.GAPS","","","","","","","","","","","","","","","","","","","","","","30.62","","","21.89","","","16.22","","","17.19","","","14.48","","","9.63","","","9.64","","","7.62","","","4.05","","","2.98","","2.22","1.66","1.39","","","",
"Uruguay","URY","Poverty gap at $1.90 a day (2011 PPP) (%)","SI.POV.GAPS","","","","","","","","","","","","","","","","","","","","","","0","","","","","","","","0.2","","","0.15","","","0.2","0.26","0.23","0.26","","0.17","0.18","0.21","0.3","0.34","0.33","0.22","0.12","0.06","0.08","0.08","0.1","0.11","0.11","","",
"United States","USA","Poverty gap at $1.90 a day (2011 PPP) (%)","SI.POV.GAPS","","","","","","","","","","","","","","","","","","","","","","","","","","","","","","","","","","","","","","","","","","","","","","","","","","","","","","","","",
"Uzbekistan","UZB","Poverty gap at $1.90 a day (2011 PPP) (%)","SI.POV.GAPS","","","","","","","","","","","","","","","","","","","","","","","","","","","","","0","","","","","","","","","","20.06","","27.07","","22.38","25.32","","","","","","","","","","","","",
"St. Vincent and the Grenadines","VCT","Poverty gap at $1.90 a day (2011 PPP) (%)","SI.POV.GAPS","","","","","","","","","","","","","","","","","","","","","","","","","","","","","","","","","","","","","","","","","","","","","","","","","","","","","","","","",
"Venezuela, RB","VEN","Poverty gap at $1.90 a day (2011 PPP) (%)","SI.POV.GAPS","","","","","","","","","","","","","","","","","","","","","","0.06","","","","","","0.02","","5.55","","","2.79","","","4.29","","","7.31","5.32","","5.45","9.44","12.13","11.12","12.45","6.8","","","","","","","","","",
"Virgin Islands (U.S.)","VIR","Poverty gap at $1.90 a day (2011 PPP) (%)","SI.POV.GAPS","","","","","","","","","","","","","","","","","","","","","","","","","","","","","","","","","","","","","","","","","","","","","","","","","","","","","","","","",
"Vietnam","VNM","Poverty gap at $1.90 a day (2011 PPP) (%)","SI.POV.GAPS","","","","","","","","","","","","","","","","","","","","","","","","","","","","","","","","","14.95","","","","","","8.59","","","","10.37","","7.02","","5.52","","4.06","","0.99","","0.58","","","",
"Vanuatu","VUT","Poverty gap at $1.90 a day (2011 PPP) (%)","SI.POV.GAPS","","","","","","","","","","","","","","","","","","","","","","","","","","","","","","","","","","","","","","","","","","","","","","","","","","","3.73","","","","","",
"West Bank and Gaza","PSE","Poverty gap at $1.90 a day (2011 PPP) (%)","SI.POV.GAPS","","","","","","","","","","","","","","","","","","","","","","","","","","","","","","","","","","","","","","","","","","","","","0.22","0.1","0.07","0.41","","0.07","","","","","","",
"World","WLD","Poverty gap at $1.90 a day (2011 PPP) (%)","SI.POV.GAPS","","","","","","","","","","","","","","","","","","","","","","19.01","","","15.47","","","13.3","","","13.09","","","12.04","","","9.72","","","9.59","","","8.54","","","6.54","","","5.52","","4.76","4.13","3.72","","","",
"Samoa","WSM","Poverty gap at $1.90 a day (2011 PPP) (%)","SI.POV.GAPS","","","","","","","","","","","","","","","","","","","","","","","","","","","","","","","","","","","","","","","","","","","","","","","","","0.11","","","","","","","",
"Yemen, Rep.","YEM","Poverty gap at $1.90 a day (2011 PPP) (%)","SI.POV.GAPS","","","","","","","","","","","","","","","","","","","","","","","","","","","","","","","","","","","","","","","","","","","","","","","","","","","","","","","","",
"South Africa","ZAF","Poverty gap at $1.90 a day (2011 PPP) (%)","SI.POV.GAPS","","","","","","","","","","","","","","","","","","","","","","","","","","","","","","","","","","11","","13.84","","","","","13.28","","","","","","7.23","","4.16","","","4.9","","","","",
"Congo, Dem. Rep.","COD","Poverty gap at $1.90 a day (2011 PPP) (%)","SI.POV.GAPS","","","","","","","","","","","","","","","","","","","","","","","","","","","","","","","","","","","","","","","","","","","","","59.26","","","","","","","","39.25","","","",
"Zambia","ZMB","Poverty gap at $1.90 a day (2011 PPP) (%)","SI.POV.GAPS","","","","","","","","","","","","","","","","","","","","","","","","","","","","","","","","34.73","","27.69","","","15.86","","16.76","","","","17.45","","27.26","","30.1","","","","31.59","","","","","",
"Zimbabwe","ZWE","Poverty gap at $1.90 a day (2011 PPP) (%)","SI.POV.GAPS","","","","","","","","","","","","","","","","","","","","","","","","","","","","","","","","","","","","","","","","","","","","","","","","","","","","","","","","",
